RiderName_Zweeler,RiderName_PCS,RiderTeam,RiderPrice
"Aberasturi, Jon",ABERASTURI Jon,Euskaltel - Euskadi,2.7
"Abrahamsen, Jonas",ABRAHAMSEN Jonas,Uno-X Mobility,6.2
"Ackermann, Pascal",ACKERMANN Pascal,Israel - Premier Tech,6.6
"Adrià, Roger",ADRIÀ Roger,Red Bull - BORA - hansgrohe,6.8
"Aert, Wout van",VAN AERT Wout,Team Visma - Lease a Bike,37.4
"Affini, Edoardo",AFFINI Edoardo,Team Visma - Lease a Bike,3.3
"Agirre, Jon",AGIRRE Jon,Euskaltel - Euskadi,1.0
"Alaphilippe, Julian",ALAPHILIPPE Julian,Tudor Pro Cycling Team,13.7
"Albanese, Vincenzo",ALBANESE Vincenzo,EF Education - EasyPost,5.9
"Aleotti, Giovanni",ALEOTTI Giovanni,Red Bull - BORA - hansgrohe,2.5
"Allegaert, Piet",ALLEGAERT Piet,Cofidis,1.3
"Alleno, Clément",ALLENO Clément,Burgos Burpellet BH,1.0
"Almeida, João",ALMEIDA João,UAE Emirates XRG,23.8
"Alustiza, Nicolás",ALUSTIZA Nicolás,Euskaltel - Euskadi,1.0
"Alvarez, Rodrigo",ÁLVAREZ Rodrigo,Burgos Burpellet BH,1.0
"Andersen, Søren Kragh",KRAGH ANDERSEN Søren,Lidl - Trek,4.5
"Andresen, Tobias Lund",ANDRESEN Tobias Lund,Team Picnic PostNL,4.4
"Angulo, Antonio",ANGULO Antonio,Burgos Burpellet BH,1.0
"Aniołkowski, Stanisław",ANIOŁKOWSKI Stanisław,Cofidis,5.4
"Aparicio, Mario",APARICIO Mario,Burgos Burpellet BH,1.0
"Aranburu, Alex",ARANBURU Alex,Cofidis,8.8
"Arashiro, Yukiya",ARASHIRO Yukiya,Toscana Factory Team Vini Fantini,1.0
"Arcas, Jorge",ARCAS Jorge,Movistar Team,1.0
"Arensman, Thymen",ARENSMAN Thymen,INEOS Grenadiers,13.9
"Armirail, Bruno",ARMIRAIL Bruno,Decathlon AG2R La Mondiale,2.8
"Armitt, Hamish",ARMITT Hamish,Team Novo Nordisk,1.0
"Arndt, Nikias",ARNDT Nikias,Bahrain Victorious,2.0
"Arrieta, Igor",ARRIETA Igor,UAE Emirates XRG,1.5
"Arriolabengoa, Julen",ARRIOLA-BENGOA Julen,Caja Rural - Seguros RGA,1.0
"Artz, Huub",ARTZ Huub,Intermarché - Wanty,1.8
"Asbroeck, Tom Van",VAN ASBROECK Tom,Israel - Premier Tech,1.4
"Asgreen, Kasper",ASGREEN Kasper,EF Education - EasyPost,6.2
"Askey, Lewis",ASKEY Lewis,Groupama - FDJ,3.8
"August, AJ",AUGUST Andrew,INEOS Grenadiers,1.1
"Aular, Orluis",AULAR Orluis,Movistar Team,4.1
"Ayuso, Juan",AYUSO Juan,UAE Emirates XRG,25.2
"Azanza, Ibai",AZANZA Ibai,Equipo Kern Pharma,1.0
"Aznar, Hugo",AZNAR Hugo,Equipo Kern Pharma,1.0
"Aznar, Unai",AZNAR Unai,Equipo Kern Pharma,1.0
"Azparren, Enekoitz",AZPARREN Enekoitz,Q36.5 Pro Cycling Team,1.0
"Azparren, Xabier",AZPARREN Xabier Mikel,Q36.5 Pro Cycling Team,1.0
"Baarle, Dylan van",VAN BAARLE Dylan,Team Visma - Lease a Bike,3.8
"Babor, Daniel",BABOR Daniel,Caja Rural - Seguros RGA,1.0
"Badilatti, Matteo",BADILATTI Matteo,Q36.5 Pro Cycling Team,1.1
"Bagioli, Andrea",BAGIOLI Andrea,Lidl - Trek,7.1
"Baguelin, Jocelyn",BAGUELIN Jocelyn,Wagner Bazin WB,1.0
"Bais, Davide",BAIS Davide,Team Polti VisitMalta,1.1
"Bais, Mattia",BAIS Mattia,Team Polti VisitMalta,1.0
"Baldaccini, Davide",BALDACCINI Davide,Toscana Factory Team Vini Fantini,1.0
"Balderstone, Abel",BALDERSTONE Abel,Caja Rural - Seguros RGA,1.0
"Ballerini, Davide",BALLERINI Davide,XDS Astana Team,3.4
"Balmer, Alexandre",BALMER Alexandre,Toscana Factory Team Vini Fantini,1.0
"Barbier, Pierre",BARBIER Pierre,Wagner Bazin WB,1.0
"Barceló, Fernando",BARCELÓ Fernando,Caja Rural - Seguros RGA,1.3
"Bardet, Romain",BARDET Romain,Team Picnic PostNL,9.3
"Barguil, Warren",BARGUIL Warren,Team Picnic PostNL,4.9
"Baroncini, Filippo",BARONCINI Filippo,UAE Emirates XRG,3.8
"Barré, Louis",BARRÉ Louis,Intermarché - Wanty,1.5
"Barrenetxea, Jon",BARRENETXEA Jon,Movistar Team,1.4
"Barta, Will",BARTA Will,Movistar Team,1.9
"Barthe, Cyril",BARTHE Cyril,Groupama - FDJ,1.1
"Bastiaens, Ayco",BASTIAENS Ayco,Soudal - Quick-Step,1.0
"Battistella, Samuele",BATTISTELLA Samuele,EF Education - EasyPost,3.0
"Baudin, Alex",BAUDIN Alex,EF Education - EasyPost,8.6
"Bauhaus, Phil",BAUHAUS Phil,Bahrain Victorious,10.3
"Bax, Sjoerd",BAX Sjoerd,Q36.5 Pro Cycling Team,1.6
"Bayer, Tobias",BAYER Tobias,Alpecin - Deceuninck,1.2
"Beadle, Hamish",BEADLE Hamish,Team Novo Nordisk,1.0
"Behrens, Niklas",BEHRENS Niklas,Team Visma - Lease a Bike,1.6
"Bekkum, Darren van",VAN BEKKUM Darren,XDS Astana Team,1.3
"Belle, Loe van",VAN BELLE Loe,Team Visma - Lease a Bike,1.0
"Beloki, Markel",BELOKI Markel,EF Education - EasyPost,1.1
"Bennett, George",BENNETT George,Israel - Premier Tech,3.1
"Bennett, Sam",BENNETT Sam,Decathlon AG2R La Mondiale,7.1
"Benoot, Tiesj",BENOOT Tiesj,Team Visma - Lease a Bike,9.5
"Berasategi, Xabier",BERASATEGI Xabier,Euskaltel - Euskadi,1.6
"Berckmoes, Jenno",BERCKMOES Jenno,Lotto,4.1
"Berg, Julius van den",VAN DEN BERG Julius,Team Picnic PostNL,1.1
"Berg, Lars van den",VAN DEN BERG Lars,Groupama - FDJ,1.0
"Berg, Marijn van den",VAN DEN BERG Marijn,EF Education - EasyPost,7.3
"Berhe, Welay Hagos",BERHE Welay Hagos,Team Jayco AlUla,1.4
"Bernal, Egan",BERNAL Egan,INEOS Grenadiers,14.5
"Bernard, Julien",BERNARD Julien,Lidl - Trek,1.1
"Berrade, Urko",BERRADE Urko,Equipo Kern Pharma,4.6
"Berthet, Clément",BERTHET Clément,Decathlon AG2R La Mondiale,2.6
"Berwick, Sebastian",BERWICK Sebastian,Caja Rural - Seguros RGA,1.3
"Bettiol, Alberto",BETTIOL Alberto,XDS Astana Team,6.7
"Beullens, Cedric",BEULLENS Cedric,Lotto,1.9
"Bévort, Carl-Frederik",BÉVORT Carl-Frederik,Uno-X Mobility,1.1
"Bezza, Quentin",BEZZA Quentin,Wagner Bazin WB,1.0
"Biagini, Frederico",BIAGINI Federico,VF Group - Bardiani CSF - Faizanè,1.0
"Biermans, Jenthe",BIERMANS Jenthe,Arkéa - BnB Hotels,2.0
"Bilbao, Pello",BILBAO Pello,Bahrain Victorious,17.4
"Bisiaux, Léo",BISIAUX Léo,Decathlon AG2R La Mondiale,1.5
"Bissegger, Stefan",BISSEGGER Stefan,Decathlon AG2R La Mondiale,4.7
"Bittner, Pavel",BITTNER Pavel,Team Picnic PostNL,7.6
"Bizkarra, Mikel",BIZKARRA Mikel,Euskaltel - Euskadi,1.1
"Bjerg, Mikkel",BJERG Mikkel,UAE Emirates XRG,5.9
"Blackmore, Joe",BLACKMORE Joseph,Israel - Premier Tech,7.4
"Blikra, Erlend",BLIKRA Erlend,Uno-X Mobility,1.7
"Bloem, Joren",BLOEM Joren,Unibet Tietema Rockets,1.0
"Blume Levy, William",BLUME LEVY William,Uno-X Mobility,1.0
"Boivin, Guillaume",BOIVIN Guillaume,Israel - Premier Tech,1.1
"Bol, Cees",BOL Cees,XDS Astana Team,2.6
"Bomboi, Davide",BOMBOI Davide,Unibet Tietema Rockets,1.8
"Bondt, Dries De",DE BONDT Dries,Decathlon AG2R La Mondiale,1.8
"Boniface, Lucas",BONIFACE Lucas,TotalEnergies,1.0
"Bonillo, Iker",BONILLO Iker,Euskaltel - Euskadi,1.0
"Bonnet, Thomas",BONNET Thomas,TotalEnergies,1.0
"Bonneu, Kamiel",BONNEU Kamiel,Intermarché - Wanty,1.1
"Bossche, Fabio Van den",VAN DEN BOSSCHE Fabio,Alpecin - Deceuninck,1.0
"Bou, Joan",BOU Joan,Caja Rural - Seguros RGA,1.1
"Bouchard, Geoffrey",BOUCHARD Geoffrey,Decathlon AG2R La Mondiale,2.3
"Bouglas, Georgios",BOUGLAS Georgios,Burgos Burpellet BH,1.0
"Boulahoite, Rayan",BOULAHOITE Rayan,TotalEnergies,1.1
"Bouwman, Koen",BOUWMAN Koen,Team Jayco AlUla,1.8
"Boven, Lars",BOVEN Lars,Alpecin - Deceuninck,3.0
"Boven, Luca Van",VAN BOVEN Luca,Intermarché - Wanty,1.0
"Braet, Vito",BRAET Vito,Intermarché - Wanty,4.1
"Brambilla, Gianluca",BRAMBILLA Gianluca,Q36.5 Pro Cycling Team,1.6
"Brand, Sam",BRAND Sam,Team Novo Nordisk,1.0
"Braz Afonso, Clément",BRAZ AFONSO Clément,Groupama - FDJ,1.3
"Brennan, Matthew",BRENNAN Matthew,Team Visma - Lease a Bike,2.9
"Brenner, Marco",BRENNER Marco,Tudor Pro Cycling Team,1.7
"Broek, Frank van den",VAN DEN BROEK Frank,Team Picnic PostNL,3.6
"Brunel, Alexys",BRUNEL Alexys,TotalEnergies,1.0
"Brustenga, Marc",BRUSTENGA Marc,Equipo Kern Pharma,1.1
"Bruttomesso, Alberto",BRUTTOMESSO Alberto,Bahrain Victorious,2.0
"Buchmann, Emanuel",BUCHMANN Emanuel,Cofidis,3.8
"Budding, Martijn",BUDDING Martijn,Unibet Tietema Rockets,1.1
"Bugge, Martin Urianstad",URIANSTAD BUGGE Martin,Uno-X Mobility,1.0
"Buitrago, Santiago",BUITRAGO Santiago,Bahrain Victorious,13.5
"Buratti, Nicolò",BURATTI Nicolò,Bahrain Victorious,1.1
"Burgaudeau, Mathieu",BURGAUDEAU Mathieu,TotalEnergies,3.7
"Burnett, Josh",BURNETT Josh,Burgos Burpellet BH,1.0
"Busatto, Francesco",BUSATTO Francesco,Intermarché - Wanty,3.1
"Buttigieg, Aidan",BUTTIGIEG Aidan,Team Polti VisitMalta,1.0
"Buyst, Jasper De",DE BUYST Jasper,Lotto,1.9
"Bystrøm, Sven Erik",BYSTRØM Sven Erik,Groupama - FDJ,1.9
"Calzoni, Walter",CALZONI Walter,Q36.5 Pro Cycling Team,1.0
"Campenaerts, Victor",CAMPENAERTS Victor,Team Visma - Lease a Bike,4.8
"Camprubi, Marcel",CAMPRUBÍ Marcel,Q36.5 Pro Cycling Team,1.0
"Canal, Carlos",CANAL Carlos,Movistar Team,2.0
"Capiot, Amaury",CAPIOT Amaury,Arkéa - BnB Hotels,1.7
"Carapaz, Richard",CARAPAZ Richard,EF Education - EasyPost,16.5
"Carboni, Giovanni",CARBONI Giovanni,Unibet Tietema Rockets,1.1
"Carr, Simon",CARR Simon,Cofidis,2.0
"Carrascosa, Pablo",CARRASCOSA Pablo,Equipo Kern Pharma,1.0
"Carthy, Hugh",CARTHY Hugh,EF Education - EasyPost,3.5
"Caruso, Damiano",CARUSO Damiano,Bahrain Victorious,3.0
"Castellon, Jan",CASTELLON Jan,Caja Rural - Seguros RGA,1.0
"Castrillo, Pablo",CASTRILLO Pablo,Movistar Team,10.0
"Castroviejo, Jonathan",CASTROVIEJO Jonathan,INEOS Grenadiers,1.8
"Cattaneo, Mattia",CATTANEO Mattia,Soudal - Quick-Step,3.7
"Cavagna, Rémi",CAVAGNA Rémi,Groupama - FDJ,3.6
"Cavia, Daniel",CAVIA Daniel,Burgos Burpellet BH,1.0
"Cepeda, Jefferson Alexander",CEPEDA Jefferson Alexander,EF Education - EasyPost,1.8
"Cepeda, Jefferson Alveiro",CEPEDA Jefferson Alveiro,Movistar Team,2.9
"Cerný, Josef",ČERNÝ Josef,Soudal - Quick-Step,1.5
"Cettolin, Filippo",CETTOLIN Filippo,VF Group - Bardiani CSF - Faizanè,1.1
"Chamberlain, Oscar",CHAMBERLAIN Oscar,Decathlon AG2R La Mondiale,1.0
"Champoussin, Clément",CHAMPOUSSIN Clément,XDS Astana Team,2.3
"Charmig, Anthon",CHARMIG Anthon,XDS Astana Team,1.3
"Chaves, Esteban",CHAVES Esteban,EF Education - EasyPost,2.1
"Christen, Fabio",CHRISTEN Fabio,Q36.5 Pro Cycling Team,3.6
"Christen, Jan",CHRISTEN Jan,UAE Emirates XRG,7.2
"Christophersen, Cedrik",CHRISTOPHERSEN Cedrik Bakke,Unibet Tietema Rockets,1.0
"Chumil, Sergio",CHUMIL Sergio Geovani,Burgos Burpellet BH,1.0
"Ciccone, Giulio",CICCONE Giulio,Lidl - Trek,13.8
"Cimolai, Davide",CIMOLAI Davide,Movistar Team,2.0
"Clarke, Simon",CLARKE Simon,Israel - Premier Tech,2.4
"Clynhens, Toon",CLYNHENS Toon,Team Flanders - Baloise,1.0
"Cobo, Iván",COBO Iván,Equipo Kern Pharma,1.0
"Colladon, Jacopo",COLLADON Jacopo,Team Novo Nordisk,1.0
"Colleoni, Kevin",COLLEONI Kevin,Intermarché - Wanty,1.1
"Colman, Alex",COLMAN Alex,Team Flanders - Baloise,1.0
"Colnaghi, Luca",COLNAGHI Luca,VF Group - Bardiani CSF - Faizanè,1.1
"Combaud, Romain",COMBAUD Romain,Team Picnic PostNL,1.0
"Conci, Nicola",CONCI Nicola,XDS Astana Team,1.6
"Conforti, Lorenzo",CONFORTI Lorenzo,VF Group - Bardiani CSF - Faizanè,1.0
"Consonni, Simone",CONSONNI Simone,Lidl - Trek,3.4
"Conti, Valerio",CONTI Valerio,Toscana Factory Team Vini Fantini,1.0
"Coquard, Bryan",COQUARD Bryan,Cofidis,7.5
"Cort, Magnus",CORT Magnus,Uno-X Mobility,5.2
"Cosnefroy, Benoît",COSNEFROY Benoît,Decathlon AG2R La Mondiale,5.3
"Costa, Rui",COSTA Rui,EF Education - EasyPost,4.1
"Costiou, Ewen",COSTIOU Ewen,Arkéa - BnB Hotels,2.5
"Coté, Pier-André",CÔTÉ Pier-André,Israel - Premier Tech,1.1
"Covi, Alessandro",COVI Alessandro,UAE Emirates XRG,3.4
"Covili, Luca",COVILI Luca,VF Group - Bardiani CSF - Faizanè,1.2
"Crabbe, Tom",CRABBE Tom,Team Flanders - Baloise,1.0
"Craps, Lars",CRAPS Lars,Lotto,1.0
"Cras, Steff",CRAS Steff,TotalEnergies,4.0
"Crescioli, Ludovico",CRESCIOLI Ludovico,Team Polti VisitMalta,1.1
"Cruz, Edward",CRUZ Edward,VF Group - Bardiani CSF - Faizanè,1.0
"Currie, Logan",CURRIE Logan,Lotto,1.0
"Dainese, Alberto",DAINESE Alberto,Tudor Pro Cycling Team,4.6
"Dalby, Simon",DALBY Simon,Uno-X Mobility,1.1
"Darder, Sergi",DARDER Sergi,Caja Rural - Seguros RGA,1.0
"Dauge, Lucas",DAUGE Lucas,Team Novo Nordisk,1.0
"Dauphin, Florian",DAUPHIN Florian,TotalEnergies,1.1
"Davy, Clément",DAVY Clément,Groupama - FDJ,1.0
"De Cassan, Davide",DE CASSAN Davide,Team Polti VisitMalta,1.1
"De La Calle, Hugo",DE LA CALLE Hugo,Burgos Burpellet BH,1.0
"De La Cruz, David",DE LA CRUZ David,Q36.5 Pro Cycling Team,1.5
"De La Parte, Víctor",DE LA PARTE Víctor,Euskaltel - Euskadi,1.1
"De Marchi, Alessandro",DE MARCHI Alessandro,Team Jayco AlUla,1.4
"De Pretto, Davide",DE PRETTO Davide,Team Jayco AlUla,3.5
"Debeaumarché, Nicolas",DEBEAUMARCHÉ Nicolas,Cofidis,1.0
"Debruyne, Ramses",DEBRUYNE Ramses,Alpecin - Deceuninck,1.2
"Declercq, Tim",DECLERCQ Tim,Lidl - Trek,1.0
"Degenkolb, John",DEGENKOLB John,Team Picnic PostNL,2.8
"Dehairs, Simon",DEHAIRS Simon,Alpecin - Deceuninck,1.4
"Dejaegher, Jasper",DEJAEGHER Jasper,Team Flanders - Baloise,1.0
"Dekker, David",DEKKER David,Euskaltel - Euskadi,1.9
"Del Grosso, Tibor",DEL GROSSO Tibor,Alpecin - Deceuninck,1.6
"Del Toro, Isaac",DEL TORO Isaac,UAE Emirates XRG,18.1
"Delaplace, Anthony",DELAPLACE Anthony,Arkéa - BnB Hotels,1.0
"Delbove, Joris",DELBOVE Joris,TotalEnergies,1.1
"Delettre, Alexandre",DELETTRE Alexandre,TotalEnergies,1.1
"Delgado, David",DELGADO David,Burgos Burpellet BH,1.0
"Deman, Bream",DEMAN Brem,Team Flanders - Baloise,1.0
"Démare, Arnaud",DÉMARE Arnaud,Arkéa - BnB Hotels,8.1
"Dens, Tuur",DENS Tuur,Team Flanders - Baloise,1.0
"Denz, Nico",DENZ Nico,Red Bull - BORA - hansgrohe,2.4
"Desal, Cériel",DESAL Ceriel,Wagner Bazin WB,1.0
"Deweirdt, Siebe",DEWEIRDT Siebe,Team Flanders - Baloise,1.0
"Dewulf, Stan",DEWULF Stan,Decathlon AG2R La Mondiale,2.4
"Dhondt, Robbe",DHONDT Robbe,Team Picnic PostNL,1.0
"Diaz, Alex",DIAZ Alex,Caja Rural - Seguros RGA,1.0
"Diaz, José Manuel",DÍAZ José Manuel,Burgos Burpellet BH,1.0
"Dijke, Mick van",VAN DIJKE Mick,Red Bull - BORA - hansgrohe,2.0
"Dijke, Tim van",VAN DIJKE Tim,Red Bull - BORA - hansgrohe,4.5
"Dillier, Silvan",DILLIER Silvan,Alpecin - Deceuninck,1.0
"Dina, Márton",DINA Márton,Euskaltel - Euskadi,1.0
"Dinham, Matthew",DINHAM Matthew,Team Picnic PostNL,2.2
"Donaldson, Robert",DONALDSON Robert,Team Jayco AlUla,2.8
"Donnenwirth, Tom",DONNENWIRTH Tom,Groupama - FDJ,2.9
"Donovan, Mark",DONOVAN Mark,Q36.5 Pro Cycling Team,1.9
"Doubey, Fabien",DOUBEY Fabien,TotalEnergies,1.1
"Double, Paul",DOUBLE Paul,Team Jayco AlUla,1.4
"Doull, Owain",DOULL Owain,EF Education - EasyPost,1.4
"Drizners, Jarrad",DRIZNERS Jarrad,Lotto,1.1
"Dujardin, Sandy",DUJARDIN Sandy,TotalEnergies,1.5
"Dunbar, Eddie",DUNBAR Eddie,Team Jayco AlUla,7.9
"Durbridge, Luke",DURBRIDGE Luke,Team Jayco AlUla,1.1
"Durić, Dorđe",ĐURIĆ Đorđe,Toscana Factory Team Vini Fantini,1.0
"Dversnes, Fredrik",DVERSNES Fredrik,Uno-X Mobility,1.0
"Eddy, Patrick",EDDY Patrick,Team Picnic PostNL,1.3
"Edmondson, Alex",EDMONDSON Alex,Team Picnic PostNL,1.0
"Eekhoff, Nils",EEKHOFF Nils,Team Picnic PostNL,1.8
"Eenkhoorn, Pascal",EENKHOORN Pascal,Soudal - Quick-Step,1.4
"Eetvelt, Lennert Van",VAN EETVELT Lennert,Lotto,23.1
"Eiking, Odd Christian",EIKING Odd Christian,Unibet Tietema Rockets,1.4
"Einhorn, Itamar",EINHORN Itamar,Israel - Premier Tech,1.8
"Elosegui, Iñigo",ELOSEGUI Iñigo,Equipo Kern Pharma,1.0
"Engelhardt, Felix",ENGELHARDT Felix,Team Jayco AlUla,2.1
"Epis, Giosuè",EPIS Giosuè,Arkéa - BnB Hotels,1.1
"Eriksson, Jacob",ERIKSSON Jacob,Tudor Pro Cycling Team,1.0
"Eriksson, Lucas",ERIKSSON Lucas,Tudor Pro Cycling Team,1.0
"Ermakov, Roman",ERMAKOV Roman,Bahrain Victorious,1.0
"Eržen, Zak",ERŽEN Žak,Bahrain Victorious,1.0
"Etxeberria, Haimar",ETXEBERRIA Haimar,Equipo Kern Pharma,1.0
"Eulálio, Afonso",EULÁLIO Afonso,Bahrain Victorious,1.5
"Evenepoel, Remco",EVENEPOEL Remco,Soudal - Quick-Step,40.5
"Ewan, Caleb",EWAN Caleb,Team Jayco AlUla,8.0
"Fagúndez, Eric",FAGÚNDEZ Eric Antonio,Burgos Burpellet BH,1.0
"Faura, Jose Luis",FAURA Jose Luis,Burgos Burpellet BH,1.0
"Faure Prost, Alexy",FAURE PROST Alexy,Intermarché - Wanty,1.1
"Fedorov, Yevgeniy",FEDOROV Yevgeniy,XDS Astana Team,1.7
"Fernández, Miguel Angel",FERNÁNDEZ Miguel Ángel,Equipo Kern Pharma,1.0
"Fernández, Samuel",FERNÁNDEZ Samuel,Caja Rural - Seguros RGA,1.0
"Fernández, Sinuhé",FERNÁNDEZ Sinuhé,Burgos Burpellet BH,1.0
"Ferraro, Santiago",FERRARO Santiago,VF Group - Bardiani CSF - Faizanè,1.1
"Ferron, Valentin",FERRON Valentin,Cofidis,1.1
"Finé, Eddy",FINÉ Eddy,Cofidis,1.0
"Fiorelli, Filippo",FIORELLI Filippo,VF Group - Bardiani CSF - Faizanè,2.1
"Fisher-Black, Finn",FISHER-BLACK Finn,Red Bull - BORA - hansgrohe,7.8
"Flynn, Sean",FLYNN Sean,Team Picnic PostNL,1.5
"Foldager, Anders",FOLDAGER Anders,Team Jayco AlUla,1.7
"Formolo, Davide",FORMOLO Davide,Movistar Team,3.2
"Fortin, Filippo",FORTIN Filippo,Toscana Factory Team Vini Fantini,1.0
"Fortunato, Lorenzo",FORTUNATO Lorenzo,XDS Astana Team,7.2
"Foss, Tobias",FOSS Tobias,INEOS Grenadiers,5.0
"Fraile, Omar",FRAILE Omar,INEOS Grenadiers,1.4
"Fredheim, Stian",FREDHEIM Stian,Uno-X Mobility,2.3
"Fretin, Milan",FRETIN Milan,Cofidis,3.5
"Frigo, Marco",FRIGO Marco,Israel - Premier Tech,2.1
"Frison, Frederik",FRISON Frederik,Q36.5 Pro Cycling Team,1.4
"Froideveaux, Robin",FROIDEVAUX Robin,Tudor Pro Cycling Team,1.2
"Froome, Chris",FROOME Chris,Israel - Premier Tech,1.1
"Fuentes, Angel",FUENTES Ángel,Burgos Burpellet BH,1.0
"Fuglsang, Jakob",FUGLSANG Jakob,Israel - Premier Tech,2.5
"Gachignard, Thomas",GACHIGNARD Thomas,TotalEnergies,1.2
"Gall, Felix",GALL Felix,Decathlon AG2R La Mondiale,11.7
"Galván, Francisco",GALVÁN Francisco,Equipo Kern Pharma,1.0
"Gamper, Patrick",GAMPER Patrick,Team Jayco AlUla,1.0
"Ganna, Filippo",GANNA Filippo,INEOS Grenadiers,16.1
"Ganzabal, Ander",GANZABAL Ander,Euskaltel - Euskadi,1.0
"García Cortina, Iván",GARCÍA CORTINA Iván,Movistar Team,4.4
"García, Carlos",GARCÍA PIERNA Carlos,Burgos Burpellet BH,1.0
"García, Pablo",GARCÍA Pablo,Team Polti VisitMalta,1.0
"García, Raúl",GARCÍA PIERNA Raúl,Arkéa - BnB Hotels,2.4
"Garofoli, Gianmarco",GAROFOLI Gianmarco,Soudal - Quick-Step,1.9
"Gate, Aaron",GATE Aaron,XDS Astana Team,1.1
"Gaudu, David",GAUDU David,Groupama - FDJ,13.4
"Gautherat, Pierre",GAUTHERAT Pierre,Decathlon AG2R La Mondiale,2.3
"Gaviria, Fernando",GAVIRIA Fernando,Movistar Team,7.1
"Gaze, Samuel",GAZE Samuel,Alpecin - Deceuninck,1.0
"Gazzoli, Michele",GAZZOLI Michele,XDS Astana Team,1.9
"Gee, Derek",GEE Derek,Israel - Premier Tech,12.3
"Geens, Jonas",GEENS Jonas,Team Flanders - Baloise,1.0
"Gelders, Gil",GELDERS Gil,Soudal - Quick-Step,1.4
"Geleijn, Owen",GELEIJN Owen,Unibet Tietema Rockets,1.0
"Gendt, Aimé De",DE GENDT Aimé,Cofidis,1.1
"Geniets, Kévin",GENIETS Kevin,Groupama - FDJ,1.4
"Geoghegan Hart, Tao",GEOGHEGAN HART Tao,Lidl - Trek,10.7
"Gerits, Vince",GERITS Vince,Team Flanders - Baloise,1.0
"Germani, Lorenzo",GERMANI Lorenzo,Groupama - FDJ,1.2
"Gesbert, Elie",GESBERT Élie,Arkéa - BnB Hotels,1.2
"Gestel, Dries Van",VAN GESTEL Dries,Soudal - Quick-Step,3.5
"Ghebreigzabhier, Amanuel",GHEBREIGZABHIER Amanuel,Lidl - Trek,1.3
"Ghys, Robbe",GHYS Robbe,Alpecin - Deceuninck,1.0
"Gibbons, Ryan",GIBBONS Ryan,Lidl - Trek,1.3
"Giddings, Joshua",GIDDINGS Joshua,Lotto,1.2
"Gils, Maxim Van",VAN GILS Maxim,Red Bull - BORA - hansgrohe,19.9
"Gimeno, Nil",GIMENO Nil,Equipo Kern Pharma,1.0
"Girmay, Biniam",GIRMAY Biniam,Intermarché - Wanty,16.0
"Glivar, Gal",GLIVAR Gal,Alpecin - Deceuninck,1.6
"Gloag, Thomas",GLOAG Thomas,Team Visma - Lease a Bike,3.2
"Godon, Dorian",GODON Dorian,Decathlon AG2R La Mondiale,6.4
"Gogl, Michael",GOGL Michael,Alpecin - Deceuninck,1.0
"Gomez, Germán",GÓMEZ Germán Darío,Team Polti VisitMalta,1.0
"González, Abner",GONZÁLEZ Abner,Caja Rural - Seguros RGA,1.3
"González, David",GONZÁLEZ David,Q36.5 Pro Cycling Team,1.2
"González, Roberto",GONZÁLEZ Roberto Carlos,Toscana Factory Team Vini Fantini,1.0
"Goossens, Kobe",GOOSSENS Kobe,Intermarché - Wanty,2.2
"Govekar, Matevž",GOVEKAR Matevž,Bahrain Victorious,4.4
"Graat, Tijmen",GRAAT Tijmen,Team Visma - Lease a Bike,1.7
"Gradek, Kamil",GRADEK Kamil,Bahrain Victorious,1.0
"Graeve, Quinten De",DE GRAEVE Quinten,Team Novo Nordisk,1.0
"Gregaard, Jonas",GREGAARD Jonas,Lotto,1.4
"Grégoire, Romain",GRÉGOIRE Romain,Groupama - FDJ,9.6
"Grellier, Fabien",GRELLIER Fabien,TotalEnergies,1.0
"Grignard, Sébastien",GRIGNARD Sébastien,Lotto,1.0
"Groenewegen, Dylan",GROENEWEGEN Dylan,Team Jayco AlUla,8.8
"Grondin, Donavan",GRONDIN Donavan,Arkéa - BnB Hotels,1.1
"Grossschartner, Felix",GROßSCHARTNER Felix,UAE Emirates XRG,4.3
"Groves, Kaden",GROVES Kaden,Alpecin - Deceuninck,14.6
"Gruel, Thibaud",GRUEL Thibaud,Groupama - FDJ,2.6
"Guardeño, Jaume",GUARDEÑO Jaume,Caja Rural - Seguros RGA,1.0
"Gudmestad, Tord",GUDMESTAD Tord,Decathlon AG2R La Mondiale,1.2
"Guernalec, Thibault",GUERNALEC Thibault,Arkéa - BnB Hotels,1.1
"Guernalec, Victor",GUERNALEC Thibault,Arkéa - BnB Hotels,1.1
"Guerreiro, Ruben",GUERREIRO Ruben,Movistar Team,4.8
"Guglielmi, Simon",GUGLIELMI Simon,Arkéa - BnB Hotels,1.3
"Gutiérrez, Jorge",GUTIÉRREZ Jorge,Equipo Kern Pharma,1.0
"Hagenes, Per Strand",HAGENES Per Strand,Team Visma - Lease a Bike,5.8
"Haig, Jack",HAIG Jack,Bahrain Victorious,3.9
"Hajek, Alexander",HAJEK Alexander,Red Bull - BORA - hansgrohe,1.1
"Haller, Marco",HALLER Marco,Tudor Pro Cycling Team,1.9
"Hamilton, Chris",HAMILTON Chris,Team Picnic PostNL,1.3
"Hamilton, Lucas",HAMILTON Lucas,INEOS Grenadiers,1.6
"Harper, Chris",HARPER Chris,Team Jayco AlUla,3.7
"Hatherly, Alan",HATHERLY Alan,Team Jayco AlUla,3.8
"Hautegem, Leander Van",VAN HAUTEGEM Leander,Wagner Bazin WB,1.1
"Hayter, Ethan",HAYTER Ethan,Soudal - Quick-Step,9.4
"Healy, Ben",HEALY Ben,EF Education - EasyPost,12.4
"Heiduk, Kim",HEIDUK Kim,INEOS Grenadiers,1.2
"Hellemose, Asbjørn",HELLEMOSE Asbjørn,Team Jayco AlUla,1.0
"Hemelen, Vincent Van",VAN HEMELEN Vincent,Team Flanders - Baloise,1.0
"Heming, Miká",HEMING Miká,Tudor Pro Cycling Team,1.0
"Hennequin, Paul",HENNEQUIN Paul,Euskaltel - Euskadi,1.5
"Hepburn, Michael",HEPBURN Michael,Team Jayco AlUla,1.1
"Hermans, Quinten",HERMANS Quinten,Alpecin - Deceuninck,5.1
"Herrada, Jesús",HERRADA Jesús,Cofidis,2.2
"Herregodts, Rune",HERREGODTS Rune,UAE Emirates XRG,1.9
"Herreño, Martin",HERREÑO Martin Santiago,VF Group - Bardiani CSF - Faizanè,1.0
"Herzog, Emil",HERZOG Emil,Red Bull - BORA - hansgrohe,1.1
"Hesters, Jules",HESTERS Jules,Team Flanders - Baloise,1.1
"Higuita, Sergio",HIGUITA Sergio,XDS Astana Team,7.6
"Hindley, Jai",HINDLEY Jai,Red Bull - BORA - hansgrohe,11.5
"Hirschi, Marc",HIRSCHI Marc,Tudor Pro Cycling Team,14.8
"Hirt, Jan",HIRT Jan,Israel - Premier Tech,5.2
"Hoecke, Gijs Van",VAN HOECKE Gijs,Intermarché - Wanty,1.3
"Hoelgaard, Markus",HOELGAARD Markus,Uno-X Mobility,1.5
"Hofstetter, Hugo",HOFSTETTER Hugo,Israel - Premier Tech,2.7
"Hollmann, Juri",HOLLMANN Juri,Alpecin - Deceuninck,1.3
"Holter, Ådne",HOLTER Ådne,Uno-X Mobility,1.0
"Honoré, Mikkel",HONORÉ Mikkel Frølich,EF Education - EasyPost,2.7
"Hoole, Daan",HOOLE Daan,Lidl - Trek,1.6
"Hoorn, Taco van der",VAN DER HOORN Taco,Intermarché - Wanty,2.1
"Houle, Hugo",HOULE Hugo,Israel - Premier Tech,2.1
"Howson, Damien",HOWSON Damien,Australian National Team,2.1
"Huby, Antoine",HUBY Antoine,Soudal - Quick-Step,1.7
"Huens, Axel",HUENS Axel,Unibet Tietema Rockets,1.0
"Huising, Menno",HUISING Menno,Team Visma - Lease a Bike,1.7
"Huyet, Baptiste",HUYET Baptiste,Unibet Tietema Rockets,1.0
"Huys, Laurens",HUYS Laurens,Arkéa - BnB Hotels,1.1
"Hvideberg, Jonas",HVIDEBERG Jonas Iversby,Uno-X Mobility,1.0
"Iacchi, Alessandro",IACCHI Alessandro,Toscana Factory Team Vini Fantini,1.0
"Ibañez, Javier",IBAÑEZ Javier,Caja Rural - Seguros RGA,1.0
"Inkelaar, Kevin",INKELAAR Kevin,Unibet Tietema Rockets,1.0
"Iribar, Unai",IRIBAR Unai,Equipo Kern Pharma,1.0
"Irvine, Declan",IRVINE Declan,Team Novo Nordisk,1.0
"Isasa, Xabier",ISASA Xabier,Euskaltel - Euskadi,1.0
"Isidore, Noa",ISIDORE Noa,Decathlon AG2R La Mondiale,1.6
"Izagirre, Ion",IZAGIRRE Ion,Cofidis,7.5
"Izquierdo, Clément",IZQUIERDO Clément,Cofidis,1.0
"Jackson, George",JACKSON George,Burgos Burpellet BH,1.1
"Jacobs, Johan",JACOBS Johan,Groupama - FDJ,1.0
"Jakobsen, Fabio",JAKOBSEN Fabio,Team Picnic PostNL,8.3
"Jansen, Amund Grøndahl",JANSEN Amund Grøndahl,Uno-X Mobility,1.0
"Janssens, Jimmy",JANSSENS Jimmy,Alpecin - Deceuninck,1.0
"Jeanniere, Emilien",JEANNIÈRE Emilien,TotalEnergies,1.7
"Jegat, Jordan",JEGAT Jordan,TotalEnergies,2.1
"Johannessen, Anders",JOHANNESSEN Anders Halland,Uno-X Mobility,1.0
"Johannessen, Tobias",JOHANNESSEN Tobias Halland,Uno-X Mobility,8.4
"Johannink, Jelle",JOHANNINK Jelle,Unibet Tietema Rockets,1.0
"Johansen, Julius",JOHANSEN Julius,UAE Emirates XRG,1.1
"Johnston, Calum",JOHNSTON Calum,Caja Rural - Seguros RGA,1.0
"Jorgenson, Matteo",JORGENSON Matteo,Team Visma - Lease a Bike,25.6
"Jousseaume, Alan",JOUSSEAUME Alan,TotalEnergies,1.0
"Juaristi, Txomin",JUARISTI Txomin,Euskaltel - Euskadi,1.3
"Jungels, Bob",JUNGELS Bob,INEOS Grenadiers,1.8
"Juul-Jensen, Chris",JUUL-JENSEN Christopher,Team Jayco AlUla,1.0
"Kajamini, Florian",KAJAMINI Florian Samuel,XDS Astana Team,1.2
"Kämna, Lennard",KÄMNA Lennard,Lidl - Trek,8.6
"Kamp, Alexander",KAMP Alexander,Intermarché - Wanty,2.5
"Kanter, Max",KANTER Max,XDS Astana Team,4.7
"Kelderman, Wilco",KELDERMAN Wilco,Team Visma - Lease a Bike,9.7
"Kelemen, Petr",KELEMEN Petr,Tudor Pro Cycling Team,1.1
"Kepplinger, Rainer",KEPPLINGER Rainer,Bahrain Victorious,1.9
"Kielich, Timo",KIELICH Timo,Alpecin - Deceuninck,2.0
"Kirsch, Alex",KIRSCH Alex,Lidl - Trek,2.2
"Kleijn, Arvid de",DE KLEIJN Arvid,Tudor Pro Cycling Team,5.6
"Kluckers, Arthur",KLUCKERS Arthur,Tudor Pro Cycling Team,1.0
"Kmínek, Vojtěch",KMÍNEK Vojtěch,Burgos Burpellet BH,1.0
"Knight, Oliver",KNIGHT Oliver,Cofidis,1.0
"Knox, James",KNOX James,Soudal - Quick-Step,1.9
"Koch, Jonas",KOCH Jonas,Red Bull - BORA - hansgrohe,1.2
"Koerdt, Bjoern",KOERDT Bjoern,Team Picnic PostNL,1.0
"Kogut, Oded",KOGUT Oded,Israel - Premier Tech,1.0
"Kolze Changizi, Sebastian",KOLZE CHANGIZI Sebastian,Tudor Pro Cycling Team,1.0
"Konrad, Patrick",KONRAD Patrick,Lidl - Trek,3.2
"Kooij, Olav",KOOIJ Olav,Team Visma - Lease a Bike,20.0
"Kopecký, Matyáš",KOPECKÝ Matyáš,Team Novo Nordisk,1.3
"Kopecký, Tomáš",KOPECKÝ Tomáš,Unibet Tietema Rockets,1.1
"Koyama, Tomoya",KOYAMA Tomoya,Burgos Burpellet BH,1.0
"Krieger, Alexander",KRIEGER Alexander,Tudor Pro Cycling Team,1.1
"Krijnsen, Jelte",KRIJNSEN Jelte,Team Jayco AlUla,3.0
"Kristoff, Alexander",KRISTOFF Alexander,Uno-X Mobility,6.8
"Kron, Andreas",KRON Andreas,Uno-X Mobility,8.3
"Kruijswijk, Steven",KRUIJSWIJK Steven,Team Visma - Lease a Bike,2.0
"Kubiš, Lukáš",KUBIŠ Lukáš,Unibet Tietema Rockets,1.3
"Kudus, Merhawi",KUDUS Merhawi,Burgos Burpellet BH,1.1
"Kulset, Johannes",KULSET Johannes,Uno-X Mobility,1.6
"Kulset, Magnus",KULSET Magnus,Uno-X Mobility,1.0
"Küng, Stefan",KÜNG Stefan,Groupama - FDJ,14.1
"Kuss, Sepp",KUSS Sepp,Team Visma - Lease a Bike,10.4
"Kuypers, Gerben",KUYPERS Gerben,Intermarché - Wanty,1.0
"Kwiatkowski, Michal",KWIATKOWSKI Michał,INEOS Grenadiers,4.3
"Kyffin, Zeb",KYFFIN Zeb,Unibet Tietema Rockets,1.1
"Labrosse, Jordan",LABROSSE Jordan,Decathlon AG2R La Mondiale,1.2
"Laengen, Vegard Stake",LAENGEN Vegard Stake,UAE Emirates XRG,1.0
"Lafay, Victor",LAFAY Victor,Decathlon AG2R La Mondiale,5.3
"Lambrecht, Michiel",LAMBRECHT Michiel,Wagner Bazin WB,1.0
"Lampaert, Yves",LAMPAERT Yves,Soudal - Quick-Step,4.7
"Lamperti, Luke",LAMPERTI Luke,Soudal - Quick-Step,7.9
"Landa, Mikel",LANDA Mikel,Soudal - Quick-Step,17.2
"Langellotti, Victor",LANGELLOTTI Victor,INEOS Grenadiers,1.6
"Lanhove, Milan",LANHOVE Milan,Team Flanders - Baloise,1.0
"Lapeira, Paul",LAPEIRA Paul,Decathlon AG2R La Mondiale,6.3
"Laporte, Christophe",LAPORTE Christophe,Team Visma - Lease a Bike,15.3
"Lastra, Jonathan",LASTRA Jonathan,Cofidis,1.5
"Latour, Pierre",LATOUR Pierre,TotalEnergies,2.2
"Laurance, Axel",LAURANCE Axel,INEOS Grenadiers,4.4
"Lazkano, Oier",LAZKANO Oier,Red Bull - BORA - hansgrohe,7.7
"Le Berre, Mathis",LE BERRE Mathis,Arkéa - BnB Hotels,1.5
"Le Gac, Olivier",LE GAC Olivier,Groupama - FDJ,1.1
"Le Huitouze, Eddy",LE HUITOUZE Eddy,Groupama - FDJ,1.0
"Lecerf, William Junior",LECERF Junior,Soudal - Quick-Step,4.3
"Lee, Jardi van der",VAN DER LEE Jardi Christiaan,EF Education - EasyPost,1.1
"Leemreize, Gijs",LEEMREIZE Gijs,Team Picnic PostNL,1.8
"Leijnse, Enzo",LEIJNSE Enzo,Team Picnic PostNL,1.0
"Leitão, Iúri",LEITÃO Iúri,Caja Rural - Seguros RGA,1.1
"Leknessund, Andreas",LEKNESSUND Andreas,Uno-X Mobility,3.8
"Lemmen, Bart",LEMMEN Bart,Team Visma - Lease a Bike,7.2
"Leonard, Michael",LEONARD Michael,INEOS Grenadiers,1.0
"Lerberghe, Bert Van",VAN LERBERGHE Bert,Soudal - Quick-Step,1.1
"Leroux, Samuel",LEROUX Samuel,TotalEnergies,1.3
"Lie, Arnaud De",DE LIE Arnaud,Lotto,17.9
"Lienhard, Fabian",LIENHARD Fabian,Tudor Pro Cycling Team,1.2
"Liepiņš, Emīls",LIEPIŅŠ Emīls,Q36.5 Pro Cycling Team,1.9
"Lipowitz, Florian",LIPOWITZ Florian,Red Bull - BORA - hansgrohe,17.0
"Livyns, Arjen",LIVYNS Arjen,Lotto,2.9
"Løland, Sakarias Koller",LØLAND Sakarias Koller,Uno-X Mobility,1.0
"Lonardi, Giovanni",LONARDI Giovanni,Team Polti VisitMalta,4.1
"Loockx, Lander",LOOCKX Lander,Unibet Tietema Rockets,1.2
"Lopez de Abetxuko, Andoni",LÓPEZ DE ABETXUKO Andoni,Euskaltel - Euskadi,1.0
"Lopez, Harold Martin",LÓPEZ Harold Martín,XDS Astana Team,1.7
"Lopez, Jordi",LÓPEZ Jordi,Euskaltel - Euskadi,1.0
"Lopez, Joseba",LÓPEZ Joseba,Caja Rural - Seguros RGA,1.1
"Lopez, Juan Pedro",LÓPEZ Juan Pedro,Lidl - Trek,3.3
"Louvel, Matîs",LOUVEL Matis,Israel - Premier Tech,2.3
"Lozano, David",LOZANO David,Team Novo Nordisk,1.0
"Lozouet, Léandre",LOZOUET Léandre,Arkéa - BnB Hotels,1.0
"Lutsenko, Alexey",LUTSENKO Alexey,Israel - Premier Tech,5.5
"Maas, Jan",MAAS Jan,Cofidis,1.0
"Maciejuk, Filip",MACIEJUK Filip,Red Bull - BORA - hansgrohe,1.0
"Mackellar, Alastair",MACKELLAR Alastair,EF Education - EasyPost,1.0
"Madouas, Valentin",MADOUAS Valentin,Groupama - FDJ,9.2
"Maestri, Mirco",MAESTRI Mirco,Team Polti VisitMalta,1.4
"Magli, Filippo",MAGLI Filippo,VF Group - Bardiani CSF - Faizanè,1.6
"Magnier, Paul",MAGNIER Paul,Soudal - Quick-Step,8.5
"Mahoudo, Nolann",MAHOUDO Nolann,Cofidis,1.0
"Maire, Adrien",MAIRE Adrien,Unibet Tietema Rockets,1.0
"Maisonobe, Sam",MAISONOBE Sam,Cofidis,1.0
"Majka, Rafał",MAJKA Rafał,UAE Emirates XRG,2.7
"Małecki, Kamil",MAŁECKI Kamil,Q36.5 Pro Cycling Team,1.2
"Malucelli, Matteo",MALUCELLI Matteo,XDS Astana Team,1.3
"Manzin, Lorrenzo",MANZIN Lorrenzo,TotalEnergies,1.2
"Marcellusi, Martin",MARCELLUSI Martin,VF Group - Bardiani CSF - Faizanè,1.3
"Marcerou, Nicola",MARCEROU Nicola,TotalEnergies,1.0
"Maris, Elias",MARIS Elias,Team Flanders - Baloise,1.0
"Marit, Arne",MARIT Arne,Intermarché - Wanty,2.5
"Märkl, Niklas",MÄRKL Niklas,Team Picnic PostNL,1.1
"Martín, Alex",MARTÍN Alex,Team Polti VisitMalta,1.0
"Martín, David",MARTIN David,Burgos Burpellet BH,1.0
"Martín, Gotzon",MARTÍN Gotzon,Euskaltel - Euskadi,1.1
"Martin, Guillaume",MARTIN Guillaume,Groupama - FDJ,6.7
"Martinelli, Alessio",MARTINELLI Alessio,VF Group - Bardiani CSF - Faizanè,1.0
"Martínez, Daniel",MARTÍNEZ Daniel Felipe,Red Bull - BORA - hansgrohe,14.2
"Martinez, Juan Guillermo",MARTINEZ Guillermo Juan,Team Picnic PostNL,1.4
"Martinez, Lenny",MARTINEZ Lenny,Bahrain Victorious,9.2
"Mas, Enric",MAS Enric,Movistar Team,22.2
"Masnada, Fausto",MASNADA Fausto,XDS Astana Team,2.7
"Matthews, Michael",MATTHEWS Michael,Team Jayco AlUla,12.2
"Matthys, Louka",MATTHYS Louka,Wagner Bazin WB,1.0
"Mayrhofer, Marius",MAYRHOFER Marius,Tudor Pro Cycling Team,4.9
"McDonald, Bailey",MCDONALD Bailey,Team Novo Nordisk,1.0
"McLay, Daniel",MCLAY Daniel,Team Visma - Lease a Bike,1.8
"McNulty, Brandon",MCNULTY Brandon,UAE Emirates XRG,16.7
"Mechelen, Vlad Van",VAN MECHELEN Vlad,Bahrain Victorious,1.7
"Meens, Johan",MEENS Johan,Wagner Bazin WB,1.0
"Meester, Luca De",DE MEESTER Luca,Wagner Bazin WB,1.0
"Meeus, Jordi",MEEUS Jordi,Red Bull - BORA - hansgrohe,7.8
"Meintjes, Louis",MEINTJES Louis,Intermarché - Wanty,3.6
"Menten, Milan",MENTEN Milan,Lotto,3.5
"Meo, Felix James",MEO Felix James,Toscana Factory Team Vini Fantini,1.0
"Meris, Sergio",MERIS Sergio,Unibet Tietema Rockets,1.1
"Merlier, Tim",MERLIER Tim,Soudal - Quick-Step,19.5
"Meulen, Max van der",VAN DER MEULEN Max,Bahrain Victorious,1.0
"Meurisse, Xandro",MEURISSE Xandro,Alpecin - Deceuninck,1.6
"Mezgec, Luka",MEZGEC Luka,Team Jayco AlUla,2.2
"Mihkels, Madis",MIHKELS Madis,EF Education - EasyPost,5.6
"Miholjević, Fran",MIHOLJEVIĆ Fran,Bahrain Victorious,1.0
"Mikutis, Aivaras",MIKUTIS Aivaras,Tudor Pro Cycling Team,1.0
"Milan, Jonathan",MILAN Jonathan,Lidl - Trek,25.3
"Milesi, Lorenzo",MILESI Lorenzo,Movistar Team,2.2
"Mintegi, Iker",MINTEGI Iker,Euskaltel - Euskadi,1.0
"Miquel, Pau",MIQUEL Pau,Equipo Kern Pharma,6.3
"Moer, Brent Van",VAN MOER Brent,Lotto,1.3
"Mohorič, Matej",MOHORIČ Matej,Bahrain Victorious,13.0
"Molano, Sebastián",MOLANO Juan Sebastián,UAE Emirates XRG,6.0
"Molard, Rudy",MOLARD Rudy,Groupama - FDJ,2.7
"Molenaar, Alex",MOLENAAR Alex,Caja Rural - Seguros RGA,1.8
"Mollema, Bauke",MOLLEMA Bauke,Lidl - Trek,5.1
"Moniquet, Sylvain",MONIQUET Sylvain,Cofidis,2.4
"Montagner, Andrea",MONTAGNER Andrea,VF Group - Bardiani CSF - Faizanè,1.0
"Morgado, António",MORGADO António,UAE Emirates XRG,4.1
"Moro, Manlio",MORO Manlio,Movistar Team,1.0
"Mosca, Jacopo",MOSCA Jacopo,Lidl - Trek,1.1
"Moschetti, Matteo",MOSCHETTI Matteo,Q36.5 Pro Cycling Team,2.1
"Moscon, Gianni",MOSCON Gianni,Red Bull - BORA - hansgrohe,1.7
"Mouris, Wessel",MOURIS Wessel,Unibet Tietema Rockets,1.1
"Mozzato, Luca",MOZZATO Luca,Arkéa - BnB Hotels,4.0
"Mühlberger, Gregor",MÜHLBERGER Gregor,Movistar Team,2.0
"Mullen, Ryan",MULLEN Ryan,Red Bull - BORA - hansgrohe,1.2
"Muller, Anton",MULLER Anton,Team Novo Nordisk,1.0
"Mulubrhan, Henok",MULUBRHAN Henok,XDS Astana Team,1.2
"Muñoz, Fran",MUÑOZ Francisco,Team Polti VisitMalta,1.0
"Murguialday, Jokin",MURGUIALDAY Jokin,Euskaltel - Euskadi,1.0
"Naberman, Tim",NABERMAN Tim,Team Picnic PostNL,1.0
"Naesen, Oliver",NAESEN Oliver,Decathlon AG2R La Mondiale,2.0
"Narváez, Jhonatan",NARVÁEZ Jhonatan,UAE Emirates XRG,13.6
"Neilands, Krists",NEILANDS Krists,Israel - Premier Tech,3.2
"Nencini, Tommaso",NENCINI Tommaso,Toscana Factory Team Vini Fantini,1.0
"Nerurkar, Lukas",NERURKAR Lukas,EF Education - EasyPost,5.5
"Nicolau, Joel",NICOLAU Joel,Caja Rural - Seguros RGA,1.0
"Nielsen, Sebastian",NIELSEN Sebastian,Unibet Tietema Rockets,1.0
"Nizzolo, Giacomo",NIZZOLO Giacomo,Q36.5 Pro Cycling Team,2.8
"Nordhagen, Jørgen",NORDHAGEN Jørgen,Team Visma - Lease a Bike,3.1
"Norsgaard, Mathias",NORSGAARD Mathias,Movistar Team,1.1
"Novak, Domen",NOVAK Domen,UAE Emirates XRG,1.0
"Nys, Thibau",NYS Thibau,Lidl - Trek,9.9
"O'Brien, Kelland",O'BRIEN Kelland,Team Jayco AlUla,1.1
"O'Connor, Ben",O'CONNOR Ben,Team Jayco AlUla,21.8
"Okamika, Ander",OKAMIKA Ander,Burgos Burpellet BH,1.0
"Oldani, Stefano",OLDANI Stefano,Cofidis,2.6
"Oliveira, Ivo",OLIVEIRA Ivo,UAE Emirates XRG,1.2
"Oliveira, Nelson",OLIVEIRA Nelson,Movistar Team,2.5
"Oliveira, Rui",OLIVEIRA Rui,UAE Emirates XRG,2.2
"Onley, Oscar",ONLEY Oscar,Team Picnic PostNL,14.7
"Oomen, Sam",OOMEN Sam,Lidl - Trek,1.9
"Orins, Robin",ORINS Robin,Lotto,1.1
"Otruba, Jakub",OTRUBA Jakub,Caja Rural - Seguros RGA,1.1
"Ourselin, Paul",OURSELIN Paul,Cofidis,1.1
"Paar, Jarne Van de",VAN DE PAAR Jarne,Lotto,2.0
"Paasschens, Mathijs",PAASSCHENS Mathijs,Bahrain Victorious,1.0
"Pacher, Quentin",PACHER Quentin,Groupama - FDJ,3.6
"Page, Hugo",PAGE Hugo,Intermarché - Wanty,4.4
"Paige, Charles",PAIGE Charles,Unibet Tietema Rockets,1.0
"Paleni, Enzo",PALENI Enzo,Groupama - FDJ,1.6
"Paletti, Luca",PALETTI Luca,VF Group - Bardiani CSF - Faizanè,1.0
"Palzer, Anton",PALZER Anton,Red Bull - BORA - hansgrohe,1.0
"Papon, Victor",PAPON Victor,Wagner Bazin WB,1.0
"Paquot, Tom",PAQUOT Tom,Intermarché - Wanty,1.0
"Paret-Peintre, Aurélien",PARET-PEINTRE Aurélien,Decathlon AG2R La Mondiale,5.7
"Paret-Peintre, Valentin",PARET-PEINTRE Valentin,Soudal - Quick-Step,6.9
"Parisini, Nicolò",PARISINI Nicolò,Q36.5 Pro Cycling Team,1.5
"Parra, José Félix",PARRA José Félix,Equipo Kern Pharma,2.3
"Pasqualon, Andrea",PASQUALON Andrea,Bahrain Victorious,2.1
"Pedersen, Casper",PEDERSEN Casper,Soudal - Quick-Step,1.2
"Pedersen, Henrik",PEDERSEN Henrik,Uno-X Mobility,1.3
"Pedersen, Mads",PEDERSEN Mads,Lidl - Trek,28.1
"Pedersen, Rasmus Søjberg",PEDERSEN Rasmus Søjberg,Decathlon AG2R La Mondiale,2.1
"Pedrero, Antonio",PEDRERO Antonio,Movistar Team,1.7
"Pellizzari, Giulio",PELLIZZARI Giulio,Red Bull - BORA - hansgrohe,6.8
"Peñalver, Manuel",PEÑALVER Manuel,Team Polti VisitMalta,1.2
"Penhoët, Paul",PENHOËT Paul,Groupama - FDJ,4.8
"Peñuela, Francisco",PEÑUELA Francisco Joel,Caja Rural - Seguros RGA,1.0
"Percrule, Doriand",PERCRULE Doriand,Team Novo Nordisk,1.0
"Perez, Anthony",PEREZ Anthony,Cofidis,1.0
"Peron, Andrea",PERON Andrea,Team Novo Nordisk,1.0
"Perracchione, Alessandro",PERRACCHIONE Alessandro,Team Novo Nordisk,1.0
"Persico, Davide",PERSICO Davide,Wagner Bazin WB,1.2
"Pescador, Diego",PESCADOR Diego,Movistar Team,1.0
"Pestel, Sander De",DE PESTEL Sander,Decathlon AG2R La Mondiale,1.0
"Petegem, Axandre Van",VAN PETEGEM Axandre,Wagner Bazin WB,1.0
"Peters, Nans",PETERS Nans,Decathlon AG2R La Mondiale,1.5
"Petilli, Simone",PETILLI Simone,Intermarché - Wanty,1.3
"Petit, Adrien",PETIT Adrien,Intermarché - Wanty,1.0
"Philipsen, Jasper",PHILIPSEN Jasper,Alpecin - Deceuninck,27.5
"Phippen, Logan",PHIPPEN Logan,Team Novo Nordisk,1.0
"Pickering, Finlay",PICKERING Finlay,Bahrain Victorious,1.2
"Pickrell, Riley",PICKRELL Riley,Israel - Premier Tech,2.4
"Pidcock, Joe",PIDCOCK Joseph,Q36.5 Pro Cycling Team,1.1
"Pidcock, Tom",PIDCOCK Thomas,Q36.5 Pro Cycling Team,18.0
"Pietrobon, Andrea",PIETROBON Andrea,Team Polti VisitMalta,1.2
"Piganzoli, Davide",PIGANZOLI Davide,Team Polti VisitMalta,5.6
"Pinarello, Alessandro",PINARELLO Alessandro,VF Group - Bardiani CSF - Faizanè,1.1
"Pinazzi, Mattia",PINAZZI Mattia,VF Group - Bardiani CSF - Faizanè,1.0
"Piras, Andrea",PIRAS Andrea,Toscana Factory Team Vini Fantini,1.0
"Pithie, Laurence",PITHIE Laurence,Red Bull - BORA - hansgrohe,12.9
"Planckaert, Edward",PLANCKAERT Edward,Alpecin - Deceuninck,1.1
"Plapp, Luke",PLAPP Luke,Team Jayco AlUla,9.1
"Plowright, Jensen",PLOWRIGHT Jensen,Alpecin - Deceuninck,1.2
"Pluimers, Rick",PLUIMERS Rick,Tudor Pro Cycling Team,1.9
"Plus, Laurens De",DE PLUS Laurens,INEOS Grenadiers,5.5
"Poel, Mathieu van der",VAN DER POEL Mathieu,Alpecin - Deceuninck,28.0
"Poels, Wout",POELS Wout,XDS Astana Team,4.9
"Pogačar, Tadej",POGAČAR Tadej,UAE Emirates XRG,60.0
"Polga, Antonio",POLGA Antonio,Team Novo Nordisk,1.0
"Poli, Umberto",POLI Umberto,Team Novo Nordisk,1.0
"Politt, Nils",POLITT Nils,UAE Emirates XRG,7.0
"Pollefliet, Gianluca",POLLEFLIET Gianluca,Decathlon AG2R La Mondiale,1.8
"Poole, Max",POOLE Max,Team Picnic PostNL,8.7
"Pooter, Dries De",DE POOTER Dries,Intermarché - Wanty,1.1
"Poppel, Danny van",VAN POPPEL Danny,Red Bull - BORA - hansgrohe,7.4
"Portsmouth, Tom",PORTSMOUTH Tom,Wagner Bazin WB,1.0
"Poucke, Aaron Van",VAN POUCKE Aaron,Team Flanders - Baloise,1.0
"Powless, Neilson",POWLESS Neilson,EF Education - EasyPost,11.4
"Prades, Eduard",PRADES Eduard,Caja Rural - Seguros RGA,1.0
"Price-Pejtersen, Johan",PRICE-PEJTERSEN Johan,Alpecin - Deceuninck,1.2
"Prodhomme, Nicolas",PRODHOMME Nicolas,Decathlon AG2R La Mondiale,1.2
"Puccio, Salvatore",PUCCIO Salvatore,INEOS Grenadiers,1.0
"Quartucci, Lorenzo",QUARTUCCI Lorenzo,Toscana Factory Team Vini Fantini,1.0
"Quinn, Sean",QUINN Sean,EF Education - EasyPost,1.7
"Quintana, Nairo",QUINTANA Nairo,Movistar Team,3.9
"Raccagni, Andrea",RACCAGNI NOVIERO Andrea,Soudal - Quick-Step,1.0
"Raccagni, Gabriele",RACCAGNI Gabriele,Team Polti VisitMalta,1.0
"Rafferty, Darren",RAFFERTY Darren,EF Education - EasyPost,1.7
"Raisberg, Nadav",RAISBERG Nadav,Israel - Premier Tech,1.0
"Rajović, Dušan",RAJOVIĆ Dušan,Toscana Factory Team Vini Fantini,1.1
"Reinderink, Pepijn",REINDERINK Pepijn,Soudal - Quick-Step,1.0
"Reinders, Elmar",REINDERS Elmar,Team Jayco AlUla,1.1
"Renard-Haquin, Henri-François",RENARD-HAQUIN Henri-François,Wagner Bazin WB,1.0
"Renard, Alexis",RENARD Alexis,Cofidis,1.8
"Resell, Erik",RESELL Erik Nordsæter,Uno-X Mobility,1.0
"Retailleau, Valentin",RETAILLEAU Valentin,TotalEnergies,1.1
"Retegi, Mikel",RETEGI Mikel,Equipo Kern Pharma,1.3
"Rex, Laurenz",REX Laurenz,Intermarché - Wanty,2.5
"Reynders, Jens",REYNDERS Jens,Wagner Bazin WB,1.0
"Riccitello, Matthew",RICCITELLO Matthew,Israel - Premier Tech,8.2
"Rickaert, Jonas",RICKAERT Jonas,Alpecin - Deceuninck,1.3
"Ridolfo, Filippo",RIDOLFO Filippo,Team Novo Nordisk,1.0
"Ries, Michel",RIES Michel,Arkéa - BnB Hotels,1.0
"Riesebeek, Oscar",RIESEBEEK Oscar,Alpecin - Deceuninck,1.1
"Rivera, Brandon",RIVERA Brandon Smith,INEOS Grenadiers,2.9
"Robeet, Ludovic",ROBEET Ludovic,Cofidis,1.0
"Rochas, Rémy",ROCHAS Rémy,Groupama - FDJ,2.7
"Rodriguez, Carlos",RODRÍGUEZ Carlos,INEOS Grenadiers,24.0
"Rodríguez, Cristian",RODRÍGUEZ Cristián,Arkéa - BnB Hotels,5.8
"Rodríguez, Oscar",RODRÍGUEZ Óscar,INEOS Grenadiers,1.9
"Roglič, Primož",ROGLIČ Primož,Red Bull - BORA - hansgrohe,37.8
"Rojas, Vicente",ROJAS Vicente,VF Group - Bardiani CSF - Faizanè,1.0
"Rolando, Joann",ROLANDO Joann,Toscana Factory Team Vini Fantini,1.0
"Rolland, Brieuc",ROLLAND Brieuc,Groupama - FDJ,1.1
"Romele, Alessandro",ROMELE Alessandro,XDS Astana Team,1.1
"Romeo, Iván",ROMEO Iván,Movistar Team,2.4
"Romo, Javier",ROMO Javier,Movistar Team,4.3
"Rondel, Mathys",RONDEL Mathys,Tudor Pro Cycling Team,1.3
"Roosen, Timo",ROOSEN Timo,Team Picnic PostNL,1.0
"Rootkin-Gray, Jack",ROOTKIN-GRAY Jack,EF Education - EasyPost,1.0
"Rooy, Kenneth Van",VAN ROOY Kenneth,Wagner Bazin WB,1.1
"Rota, Lorenzo",ROTA Lorenzo,Intermarché - Wanty,3.2
"Rouland, Louis",ROULAND Louis,Arkéa - BnB Hotels,1.0
"Rubio, Einer",RUBIO Einer,Movistar Team,8.0
"Ruiz, Ibon",RUIZ Ibon,Equipo Kern Pharma,1.0
"Russo, Clément",RUSSO Clément,Groupama - FDJ,1.4
"Rutsch, Jonas",RUTSCH Jonas,Intermarché - Wanty,1.4
"Ryan, Archie",RYAN Archie,EF Education - EasyPost,6.3
"Sainbayar, Jambaljamts",SAINBAYAR Jambaljamts,Burgos Burpellet BH,1.0
"Samitier, Sergio",SAMITIER Sergio,Cofidis,1.0
"Samudio, Carlos",SAMUDIO Carlos,Toscana Factory Team Vini Fantini,1.0
"Sanchez, Pelayo",SÁNCHEZ Pelayo,Movistar Team,6.2
"Sande, Tosh Van der",VAN DER SANDE Tosh,Team Visma - Lease a Bike,1.1
"Sbaragli, Kristian",SBARAGLI Kristian,Toscana Factory Team Vini Fantini,1.2
"Scalco, Matteo",SCALCO Matteo,VF Group - Bardiani CSF - Faizanè,1.0
"Scaroni, Christian",SCARONI Christian,XDS Astana Team,3.8
"Schachmann, Maximilian",SCHACHMANN Maximilian,Soudal - Quick-Step,6.0
"Schelling, Ide",SCHELLING Ide,XDS Astana Team,3.2
"Schmid, Mauro",SCHMID Mauro,Team Jayco AlUla,7.0
"Schultz, Nick",SCHULTZ Nick,Israel - Premier Tech,2.5
"Schuyteneer, Steffen De",DE SCHUYTENEER Steffen,Lotto,1.7
"Schwarzmann, Michael",SCHWARZMANN Michael,Israel - Premier Tech,1.0
"Scotson, Callum",SCOTSON Callum,Decathlon AG2R La Mondiale,1.3
"Scotson, Miles",SCOTSON Miles,Arkéa - BnB Hotels,1.0
"Segaert, Alec",SEGAERT Alec,Lotto,5.5
"Seixas, Paul",SEIXAS Paul,Decathlon AG2R La Mondiale,2.0
"Sénéchal, Florian",SÉNÉCHAL Florian,Arkéa - BnB Hotels,3.3
"Sepúlveda, Eduardo",SEPÚLVEDA Eduardo,Lotto,1.1
"Serrano, Gonzalo",SERRANO Gonzalo,Movistar Team,2.3
"Serrano, Javi",SERRANO Javier,Team Polti VisitMalta,1.1
"Serry, Pieter",SERRY Pieter,Soudal - Quick-Step,1.0
"Sevilla, Diego Pablo",SEVILLA Diego Pablo,Team Polti VisitMalta,1.0
"Shaw, James",SHAW James,EF Education - EasyPost,1.1
"Sheehan, Riley",SHEEHAN Riley,Israel - Premier Tech,4.6
"Sheffield, Magnus",SHEFFIELD Magnus,INEOS Grenadiers,11.0
"Shmidt, Artem",SHMIDT Artem,INEOS Grenadiers,1.0
"Silva, Thomas",SILVA Guillermo Thomas,Caja Rural - Seguros RGA,1.1
"Simmons, Quinn",SIMMONS Quinn,Lidl - Trek,4.0
"Sintmaartensdijk, Roel van",VAN SINTMAARTENSDIJK Roel,Intermarché - Wanty,1.0
"Sivakov, Pavel",SIVAKOV Pavel,UAE Emirates XRG,8.9
"Skaarseth, Anders",SKAARSETH Anders,Uno-X Mobility,1.0
"Skerl, Daniel",SKERL Daniel,Bahrain Victorious,1.1
"Skjelmose, Mattias",SKJELMOSE Mattias,Lidl - Trek,24.9
"Skujins, Toms",SKUJIŅŠ Toms,Lidl - Trek,9.0
"Slock, Liam",SLOCK Liam,Lotto,1.1
"Smith, Dion",SMITH Dion,Intermarché - Wanty,1.8
"Smith, Nathan",SMITH Nathan,Team Novo Nordisk,1.0
"Sobrero, Matteo",SOBRERO Matteo,Red Bull - BORA - hansgrohe,3.9
"Soler, Marc",SOLER Marc,UAE Emirates XRG,7.7
"Sorarrain, Gorka",SORARRAIN Gorka,Caja Rural - Seguros RGA,1.0
"Sosa, Ivan",SOSA Iván Ramiro,Equipo Kern Pharma,2.4
"Soto, Antonio",SOTO Antonio Jesús,Equipo Kern Pharma,2.8
"Soupe, Geoffrey",SOUPE Geoffrey,TotalEnergies,1.3
"Stannard, Robert",STANNARD Robert,Bahrain Victorious,3.4
"Staune-Mittet, Johannes",STAUNE-MITTET Johannes,Decathlon AG2R La Mondiale,2.3
"Steimle, Jannik",STEIMLE Jannik,Q36.5 Pro Cycling Team,1.1
"Steinhauser, Georg",STEINHAUSER Georg,EF Education - EasyPost,5.0
"Stenico, Mattia",STENICO Mattia,VF Group - Bardiani CSF - Faizanè,1.0
"Stewart, Campbell",STEWART Campbell,Team Jayco AlUla,1.6
"Stewart, Jake",STEWART Jake,Israel - Premier Tech,2.6
"Stewart, Mark",STEWART Mark,Toscana Factory Team Vini Fantini,1.0
"Stites, Tyler",STITES Tyler,Caja Rural - Seguros RGA,1.7
"Stockman, Abram",STOCKMAN Abram,Unibet Tietema Rockets,1.0
"Stockwell, Oliver",STOCKWELL Oliver,Bahrain Victorious,1.0
"Stokbro, Andreas",STOKBRO Andreas,Unibet Tietema Rockets,1.0
"Storer, Michael",STORER Michael,Tudor Pro Cycling Team,9.1
"Stork, Florian",STORK Florian,Tudor Pro Cycling Team,1.4
"Strong, Corbin",STRONG Corbin,Israel - Premier Tech,8.5
"Stuyven, Jasper",STUYVEN Jasper,Lidl - Trek,6.6
"Su, Haoyu",SU Haoyu,XDS Astana Team,1.0
"Suter, Joel",SUTER Joel,Tudor Pro Cycling Team,1.2
"Sütterlin, Jasha",SÜTTERLIN Jasha,Team Jayco AlUla,1.0
"Sutton, Louis",SUTTON Louis,Euskaltel - Euskadi,1.2
"Svestad-Bårdseng, Embret",SVESTAD-BÅRDSENG Embret,Arkéa - BnB Hotels,1.4
"Svrček, Martin",SVRČEK Martin,Soudal - Quick-Step,1.1
"Sweeny, Harry",SWEENY Harry,EF Education - EasyPost,1.5
"Swift, Ben",SWIFT Ben,INEOS Grenadiers,1.1
"Swift, Connor",SWIFT Connor,INEOS Grenadiers,1.1
"Taminiaux, Lionel",TAMINIAUX Lionel,Lotto,2.2
"Tarling, Josh",TARLING Joshua,INEOS Grenadiers,8.1
"Tarozzi, Manuele",TAROZZI Manuele,VF Group - Bardiani CSF - Faizanè,1.3
"Tejada, Harold",TEJADA Harold,XDS Astana Team,4.2
"Tercero, Fernando",TERCERO Fernando,Team Polti VisitMalta,1.0
"Tesfatsion, Natnael",TESFATSION Natnael,Movistar Team,3.1
"Tesson, Jason",TESSON Jason,TotalEnergies,2.0
"Teunissen, Mike",TEUNISSEN Mike,XDS Astana Team,4.2
"Teuns, Dylan",TEUNS Dylan,Cofidis,5.4
"Teutenberg, Tim Torn",TEUTENBERG Tim Torn,Lidl - Trek,2.1
"Thalmann, Roland",THALMANN Roland,Tudor Pro Cycling Team,1.0
"Theuns, Edward",THEUNS Edward,Lidl - Trek,2.8
"Thierry, Pierre",THIERRY Pierre,Arkéa - BnB Hotels,1.0
"Thijssen, Gerben",THIJSSEN Gerben,Intermarché - Wanty,5.4
"Thomas, Benjamin",THOMAS Benjamin,Cofidis,1.8
"Thomas, Geraint",THOMAS Geraint,INEOS Grenadiers,7.5
"Thompson, Reuben",THOMPSON Reuben,Lotto,1.4
"Tiberi, Antonio",TIBERI Antonio,Bahrain Victorious,22.6
"Tier, Floris De",DE TIER Floris,Wagner Bazin WB,1.0
"Tiller, Rasmus",TILLER Rasmus,Uno-X Mobility,4.2
"Tissières, Arnaud",TISSIÈRES Arnaud,Toscana Factory Team Vini Fantini,1.0
"Tizza, Marco",TIZZA Marco,Wagner Bazin WB,1.0
"Tjøtta, Martin",TJØTTA Martin,Arkéa - BnB Hotels,1.0
"Todome, Yuhi",TODOME Yuhi,EF Education - EasyPost,1.0
"Tolio, Alex",TOLIO Alex,VF Group - Bardiani CSF - Faizanè,1.0
"Toneatti, Davide",TONEATTI Davide,XDS Astana Team,1.2
"Tonelli, Alessandro",TONELLI Alessandro,Team Polti VisitMalta,1.7
"Torres, Albert",TORRES Albert,Movistar Team,1.0
"Torres, Pablo",TORRES Pablo,UAE Emirates XRG,4.9
"Toumire, Hugo",TOUMIRE Hugo,Cofidis,1.0
"Toupalík, Adam",ŤOUPALÍK Adam,Unibet Tietema Rockets,1.1
"Touzé, Damien",TOUZÉ Damien,Cofidis,2.1
"Townsend, Rory",TOWNSEND Rory,Q36.5 Pro Cycling Team,1.1
"Træen, Torstein",TRÆEN Torstein,Bahrain Victorious,3.3
"Tratnik, Jan",TRATNIK Jan,Red Bull - BORA - hansgrohe,4.2
"Trentin, Matteo",TRENTIN Matteo,Tudor Pro Cycling Team,5.9
"Tricht, Stan Van",VAN TRICHT Stan,Alpecin - Deceuninck,2.1
"Tronchon, Bastien",TRONCHON Bastien,Decathlon AG2R La Mondiale,1.1
"Tsarenko, Kyrylo",TSARENKO Kyrylo,Toscana Factory Team Vini Fantini,1.0
"Tu, Sergio",TU Sergio,Bahrain Victorious,1.0
"Tulett, Ben",TULETT Ben,Team Visma - Lease a Bike,3.3
"Turconi, Filippo",TURCONI Filippo,VF Group - Bardiani CSF - Faizanè,1.0
"Turgis, Anthony",TURGIS Anthony,TotalEnergies,3.5
"Turner, Ben",TURNER Ben,INEOS Grenadiers,3.7
"Tuuk, Danny van der",VAN DER TUUK Danny,Euskaltel - Euskadi,1.0
"Uden, Casper van",VAN UDEN Casper,Team Picnic PostNL,4.8
"Uhlig, Henri",UHLIG Henri,Alpecin - Deceuninck,2.1
"Uijtdebroeks, Cian",UIJTDEBROEKS Cian,Team Visma - Lease a Bike,10.5
"Ulissi, Diego",ULISSI Diego,XDS Astana Team,4.5
"Uriarte, Diego",URIARTE Diego,Equipo Kern Pharma,1.0
"Vacek, Mathias",VACEK Mathias,Lidl - Trek,10.2
"Vader, Milan",VADER Milan,Q36.5 Pro Cycling Team,3.7
"Vadic, Baptiste",VADIC Baptiste,TotalEnergies,1.0
"Valgren, Michael",VALGREN Michael,EF Education - EasyPost,3.0
"Valter, Attila",VALTER Attila,Team Visma - Lease a Bike,5.8
"Vandenabeele, Henri",VANDENABEELE Henri,Lotto,1.1
"Vandenbranden, Noah",VANDENBRANDEN Noah,Team Flanders - Baloise,1.0
"Vandenstorme, Dylan",VANDENSTORME Dylan,Team Flanders - Baloise,1.0
"Vandevelde, Yentl",VANDEVELDE Yentl,Team Flanders - Baloise,1.0
"Vangheluwe, Warre",VANGHELUWE Warre,Soudal - Quick-Step,2.9
"Vanhoof, Ward",VANHOOF Ward,Team Flanders - Baloise,1.0
"Vanhoucke, Harm",VANHOUCKE Harm,Q36.5 Pro Cycling Team,1.9
"Vansevenant, Mauri",VANSEVENANT Mauri,Soudal - Quick-Step,8.4
"Vauquelin, Kévin",VAUQUELIN Kévin,Arkéa - BnB Hotels,10.1
"Veistroffer, Baptiste",VEISTROFFER Baptiste,Lotto,1.0
"Velasco, Simone",VELASCO Simone,XDS Astana Team,2.8
"Vendrame, Andrea",VENDRAME Andrea,Decathlon AG2R La Mondiale,5.0
"Venturini, Clément",VENTURINI Clément,Arkéa - BnB Hotels,1.8
"Vercher, Mattéo",VERCHER Mattéo,TotalEnergies,1.9
"Vercouillie, Victor",VERCOUILLIE Victor,Team Flanders - Baloise,1.0
"Vergaerde, Otto",VERGAERDE Otto,Lidl - Trek,1.0
"Vergallito, Luca",VERGALLITO Luca,Alpecin - Deceuninck,1.6
"Vermaerke, Kevin",VERMAERKE Kevin,Team Picnic PostNL,7.4
"Vermeersch, Florian",VERMEERSCH Florian,UAE Emirates XRG,3.9
"Vermeersch, Gianni",VERMEERSCH Gianni,Alpecin - Deceuninck,3.0
"Vermoote, Jelle",VERMOOTE Jelle,Wagner Bazin WB,1.0
"Vermote, Julien",VERMOTE Julien,Team Visma - Lease a Bike,1.0
"Vernon, Ethan",VERNON Ethan,Israel - Premier Tech,6.5
"Verona, Carlos",VERONA Carlos,Lidl - Trek,2.6
"Verrando, Luca",VERRANDO Luca,Toscana Factory Team Vini Fantini,1.0
"Verre, Alessandro",VERRE Alessandro,Arkéa - BnB Hotels,1.2
"Verschuren, Killian",VERSCHUREN Killian,Unibet Tietema Rockets,1.0
"Verstrynge, Emiel",VERSTRYNGE Emiel,Alpecin - Deceuninck,1.0
"Vervaeke, Louis",VERVAEKE Louis,Soudal - Quick-Step,1.2
"Villa, Giacomo",VILLA Giacomo,Wagner Bazin WB,1.0
"Vine, Jay",VINE Jay,UAE Emirates XRG,8.2
"Vingegaard, Jonas",VINGEGAARD Jonas,Team Visma - Lease a Bike,42.2
"Vinokurov, Nicolas",VINOKUROV Nicolas,XDS Astana Team,1.0
"Vlasov, Aleksandr",VLASOV Aleksandr,Red Bull - BORA - hansgrohe,21.3
"Vliegen, Loïc",VLIEGEN Loïc,Wagner Bazin WB,1.0
"Voisard, Yannis",VOISARD Yannis,Tudor Pro Cycling Team,2.3
"Vries, Hartthijs de",DE VRIES Hartthijs,Unibet Tietema Rockets,1.1
"Vylder, Lindsay De",DE VYLDER Lindsay,Team Flanders - Baloise,1.0
"Wærenskjold, Søren",WÆRENSKJOLD Søren,Uno-X Mobility,6.5
"Walker, Max",WALKER Max,EF Education - EasyPost,1.0
"Wallin, Rasmus Bøgh",WALLIN Rasmus Bøgh,Uno-X Mobility,1.0
"Walls, Matthew",WALLS Matthew,Groupama - FDJ,1.2
"Walscheid, Max",WALSCHEID Max,Team Jayco AlUla,3.1
"Wandahl, Frederik",WANDAHL Frederik,Red Bull - BORA - hansgrohe,1.4
"Warbasse, Larry",WARBASSE Larry,Tudor Pro Cycling Team,1.0
"Warlop, Jordi",WARLOP Jordi,Soudal - Quick-Step,1.1
"Watelle, Celestin",WATTELLE Célestin,Team Novo Nordisk,1.0
"Watson, Samuel",WATSON Samuel,INEOS Grenadiers,1.5
"Weemaes, Sasha",WEEMAES Sasha,Wagner Bazin WB,1.1
"Weiss, Fabian",WEISS Fabian,Tudor Pro Cycling Team,1.2
"Wellens, Tim",WELLENS Tim,UAE Emirates XRG,11.1
"Welsford, Sam",WELSFORD Sam,Red Bull - BORA - hansgrohe,6.4
"Welten, Bram",WELTEN Bram,Team Picnic PostNL,2.0
"Wenzel, Mats",WENZEL Mats,Equipo Kern Pharma,1.0
"Wilder, Ilan Van",VAN WILDER Ilan,Soudal - Quick-Step,10.8
"Wilksch, Hannes",WILKSCH Hannes,Tudor Pro Cycling Team,1.0
"Williams, Stevie",WILLIAMS Stephen,Israel - Premier Tech,10.9
"Wirtgen, Luc",WIRTGEN Luc,Tudor Pro Cycling Team,1.0
"Withen Philipsen, Albert",WITHEN PHILIPSEN Albert,Lidl - Trek,1.1
"Woods, Michael",WOODS Michael,Israel - Premier Tech,6.9
"Wright, Fred",WRIGHT Fred,Bahrain Victorious,6.5
"Wynkele, Lorenz Van de",VAN DE WYNKELE Lorenz,Lotto,1.1
"Yates, Adam",YATES Adam,UAE Emirates XRG,24.7
"Yates, Simon",YATES Simon,Team Visma - Lease a Bike,14.9
"Zambanini, Edoardo",ZAMBANINI Edoardo,Bahrain Victorious,7.3
"Zana, Filippo",ZANA Filippo,Team Jayco AlUla,5.7
"Zanoncello, Enrico",ZANONCELLO Enrico,VF Group - Bardiani CSF - Faizanè,1.4
"Zijlaard, Maikel",ZIJLAARD Maikel,Tudor Pro Cycling Team,1.9
"Zimmermann, Georg",ZIMMERMANN Georg,Intermarché - Wanty,4.0
"Zingle, Axel",ZINGLE Axel,Team Visma - Lease a Bike,6.1
"Zoccarato, Samuele",ZOCCARATO Samuele,Team Polti VisitMalta,1.0
"Zubeldia, Unai",ZUBELDIA Unai,Euskaltel - Euskadi,1.0
"Zukowsky, Nick",ZUKOWSKY Nickolas,Q36.5 Pro Cycling Team,1.0
"Zwiehoff, Ben",ZWIEHOFF Ben,Red Bull - BORA - hansgrohe,2.2
